feature,mean_pre,mean_post,mean_change,median_change,pct_increased,pct_decreased,cohens_d
Bedrooms,2.664383561643836,3.5684931506849313,0.9041095890410958,1.0,78.76712328767124,0.0,1.2995205042487301
Full Bathrooms,1.6643835616438356,2.041095890410959,0.3767123287671233,0.0,36.986301369863014,0.0,0.6342399146909107
Half Bathrooms,1.1132075471698113,1.071024771302292,-0.018970189701897018,0.0,0.684931506849315,0.684931506849315,-0.06703884567785011
GLA (Sq Ft),1723.837588602779,1822.6354968499818,98.31992586750984,1.7999999999999545,45.89041095890411,32.19178082191781,0.13934521540980607
Total Rooms,6.697647302407574,7.06363128637655,0.40778467039954613,0.0,43.15068493150685,16.43835616438356,0.22199510426458577
Garage Spaces,1.8535502298388897,1.996922844703739,0.11008902323214567,0.0,11.643835616438356,2.73972602739726,0.20093330197911993
